t,x,y,yaw,vx,vy,omega
0.0,-0.32,0.0,0.0,0.0,0.0,0.0
0.05,-0.32,0.0,0.0,0.0012034749233354757,0.0007827911261156411,9.151461104205114e-19
0.1,-0.3198,0.0001,0.0,0.004039083858178157,0.002623820603726834,9.070997409103667e-19
0.15000000000000002,-0.3195,0.0003,0.0,0.008099803874896165,0.00524868801311175,8.991241186410794e-19
0.2,-0.319,0.0007,0.0,0.013079791719386315,0.00844422406952435,8.912186215716058e-19
0.25,-0.3181,0.0012,0.0,0.018749234742589625,0.012044389191299663,8.833826331301623e-19
0.3,-0.317,0.0019,0.0,0.024935446835467882,0.01592004035412873,8.75615542166137e-19
0.35,-0.3156,0.0028,0.0,0.03150872844456029,0.019970523034789474,8.679167429024248e-19
0.39999999999999997,-0.3138,0.004,0.0,0.03837160851374103,0.024117081538143736,8.602856348881807e-19
0.44999999999999996,-0.3117,0.0053,0.0,0.04545081624051453,0.02829750519519316,8.527216229519894e-19
0.49999999999999994,-0.3092,0.0068,0.0,0.052691295421006666,0.03246320625215116,8.452241171554458e-19
0.5499999999999999,-0.3063,0.0086,0.0,0.06005167664016537,0.036576317095979506,2.467594791929276e-18
0.6,-0.3031,0.0105,0.0,0.06750087499223859,0.04060647898634217,2.4458986067288077e-18
0.65,-0.2995,0.0127,0.0,0.07501553355063746,0.04452993455183158,2.4243931839881208e-18
0.7000000000000001,-0.2955,0.015,0.0,0.082578102332,0.04832765754208844,2.403076846439266e-18
0.7500000000000001,-0.2912,0.0175,0.0,0.09017539479802014,0.051984733581385285,2.381947931561577e-18
0.8000000000000002,-0.2864,0.0202,0.0,0.09779750322072954,0.055489562607712595,2.3610047914520016e-18
0.8500000000000002,-0.2813,0.0231,0.0,0.10543698358250844,0.05883280836362293,2.3402457926965835e-18
0.9000000000000002,-0.2758,0.0262,0.0,0.11308824314331775,0.06200690669167412,2.3196693162430627e-18
0.9500000000000003,-0.2699,0.0294,0.0,0.12074708026299238,0.06500568244526105,2.2992737572746047e-18
1.0000000000000002,-0.2637,0.0327,0.0,0.12841033859684992,0.06782457282091417,-9.8054699327963e-19
1.0500000000000003,-0.257,0.0362,0.0,0.13607564725964597,0.07046057830097502,-9.719255902707008e-19
1.1000000000000003,-0.25,0.0398,0.0,0.14374122556665866,0.07291137678075532,-9.633799904515746e-19
1.1500000000000004,-0.2426,0.0435,0.0,0.1514057363276002,0.0751753789896573,-9.549095273270674e-19
1.2000000000000004,-0.2347,0.0473,0.0,0.15906817559976938,0.07725187510285403,-9.465135402621158e-19
1.2500000000000004,-0.2266,0.0512,0.0,0.16672778984240577,0.0791408230239894,-9.381913744302523e-19
1.3000000000000005,-0.218,0.0552,0.0,0.17438401373738788,0.08084268410999734,-9.299423807625333e-19
1.3500000000000005,-0.2091,0.0593,0.0,0.18203642332283781,0.08235829581190522,-9.217659158969166e-19
1.4000000000000006,-0.1997,0.0635,0.0,0.18968470083648895,0.08368877303677699,-9.136613421280836e-19
1.4500000000000006,-0.19,0.0677,0.0,0.19732860834349336,0.08483543185190774,-9.05628027357703e-19
1.5000000000000007,-0.1799,0.072,0.0,0.2049679679004957,0.08580025242495551,-8.97665345045132e-19
1.5500000000000007,-0.1694,0.0763,0.0,0.2126026466407021,0.08658549538877477,-8.8977267415855e-19
1.6000000000000008,-0.1586,0.0806,0.0,0.22023254556585828,0.08719382257832983,-8.81949399126523e-19
1.6500000000000008,-0.1473,0.085,0.0,0.22785759121534996,0.0876284952121437,-8.741949097899936e-19
1.7000000000000008,-0.1357,0.0894,0.0,0.235477729197425,0.08789268116292379,-8.665086013546929e-19
1.7500000000000009,-0.1237,0.0938,0.0,0.24309291943275158,0.08798966138791976,-8.588898743439701e-19
1.800000000000001,-0.1113,0.0982,0.0,0.2507031326445058,0.08792309472876168,-8.513381345520392e-19
1.850000000000001,-0.0986,0.1026,0.0,0.2582733860445465,0.08769689881189882,-8.438527929976339e-19
1.900000000000001,-0.0854,0.1069,0.0,0.2656922548522998,0.08731515846579578,-8.364332658780719e-19
1.950000000000001,-0.0719,0.1113,0.0,0.27283539241606564,0.08678257738280325,-8.290789745237223e-19
2.000000000000001,-0.0581,0.1156,0.0,0.27960791090551335,0.08610356444754806,-8.217893453528739e-19
2.0500000000000007,-0.0439,0.1199,0.0,0.2859384258995708,0.08528268691947212,-8.1456380982699945e-19
2.1000000000000005,-0.0294,0.1241,0.0,0.29177324824747053,0.08432470903733771,-8.07401804406414e-19
2.1500000000000004,-0.0147,0.1283,0.0,0.2970726096419058,0.08323471556759539,-8.003027705063231e-19
2.2,0.0003,0.1324,0.0,0.30180835159211594,0.08201779081681101,-7.932661544532565e-19
2.25,0.0155,0.1365,0.0,0.3059610578897954,0.08067918857014991,-7.862914074418863e-19
2.3,0.0309,0.1405,0.0,0.30951824360098534,0.07922404713321467,3.55231440988417e-20
2.3499999999999996,0.0465,0.1444,0.0,0.31247305127725844,0.07765758723604312,2.068871653026013e-18
2.3999999999999995,0.0622,0.1482,0.0,0.3148229126222959,0.07598537062453403,3.678328922667792e-18
2.4499999999999993,0.078,0.152,0.0,0.3165690314360727,0.07421317654427947,3.2399742877615335e-18
2.499999999999999,0.0939,0.1556,0.0,0.3177157613254288,0.07234638526375169,3.618578684883309e-18
2.549999999999999,0.1098,0.1592,0.0,0.31826979848321274,0.0703907659922547,2.366746108106511e-18
2.5999999999999988,0.1257,0.1627,0.0,0.31824007865598064,0.06835192827002434,1.2909527155556673e-18
2.6499999999999986,0.1416,0.166,0.0,0.3176374777097459,0.06623521146536679,5.175180682466609e-19
2.6999999999999984,0.1574,0.1693,0.0,0.3164742562750028,0.0640465512858495,-1.9935243033708283e-19
2.7499999999999982,0.1732,0.1724,0.0,0.3147641533003106,0.06179156291668365,-1.9759963556587357e-19
2.799999999999998,0.1889,0.1754,0.0,0.3125217182947466,0.05947599198086681,-1.958622521418186e-19
2.849999999999998,0.2044,0.1783,0.0,0.30976221420790095,0.05710575166729115,-1.9414014456153498e-19
2.8999999999999977,0.2198,0.1811,0.0,0.30650217109243166,0.05468652351639793,-1.9243317851304546e-19
2.9499999999999975,0.235,0.1838,0.0,0.3027587505989868,0.05222377419531548,-1.9074122086530312e-19
2.9999999999999973,0.25,0.1863,0.0,0.29854967442832187,0.04972276966435934,-1.8906413965780812e-19
3.049999999999997,0.2648,0.1887,0.0,0.29389327649283226,0.04718910913513632,-1.8740180409031572e-19
3.099999999999997,0.2794,0.191,0.0,0.2888082219244402,0.04462839729746595,-1.857540845126348e-19
3.149999999999997,0.2936,0.1931,0.0,0.2833132929866068,0.04204588724260324,-1.8412085241451601e-19
3.1999999999999966,0.3076,0.1952,0.0,0.277428270638904,0.03944705170159772,-1.825019804156291e-19
3.2499999999999964,0.3213,0.1971,0.0,0.2711731362116596,0.036836762312462176,-1.80897342255628e-19
3.2999999999999963,0.3347,0.1988,0.0,0.26456777017854266,0.03421981500851087,-1.7930681278430337e-19
3.349999999999996,0.3477,0.2005,0.0,0.25764751574369454,0.03160154655224178,-1.7773026795182204e-19
3.399999999999996,0.3604,0.202,0.0,0.25047618050737075,0.02898661965130923,-1.7616758479905173e-19
3.4499999999999957,0.3727,0.2033,0.0,0.24311749230388116,0.02637956781115976,-1.804420900630103e-18
3.4999999999999956,0.3846,0.2046,0.0,0.23561933655709943,0.023785426916614786,-5.039536862675375e-18
3.5499999999999954,0.3962,0.2057,0.0,0.2280176944023217,0.02120853195961284,-9.0625487130852e-18
3.599999999999995,0.4073,0.2067,0.0,0.22033960186535673,0.01865307083213178,-1.0609800525873327e-17
3.649999999999995,0.4181,0.2075,0.0,0.21260537345413222,0.016123200912641012,-3.1895958719730574e-18
3.699999999999995,0.4285,0.2083,0.0,0.2048302729618226,0.013623232990688811,7.413479780129835e-18
3.7499999999999947,0.4385,0.2089,0.0,0.19702576902399657,0.011156835101702286,1.1411312307107505e-17
3.7999999999999945,0.4481,0.2093,0.0,0.18920047854458757,0.008727576724555224,1.212300527943225e-17
3.8499999999999943,0.4574,0.2097,0.0,0.18136087556168223,0.006339559650963788,1.2016414453179461e-17
3.899999999999994,0.4662,0.21,0.0,0.17351182391589556,0.0039962139641572594,8.645398983499493e-18
3.949999999999994,0.4746,0.2101,0.0,0.16565697752205646,0.0017003292013238135,-2.8219717407367026e-18
3.999999999999994,0.4827,0.2101,0.0,0.15779908113126204,-0.0005449697554194955,-1.580108463249378e-17
